year,locality,n_offers,average_price_nominal_euros,average_price_m2_nominal_euros
2010,Bascharage,192,593698.31,3603.57
2010,Beaufort,266,461160.29,2902.76
2010,Bech,65,621760.22,3280.51
2010,Beckerich,176,444498.68,2867.88
2010,Berdorf,111,504040.85,3055.99
2010,Bertrange,264,795338.87,4266.46
2010,Bettembourg,304,555628.29,3343.22
2010,Bettendorf,94,495074.38,3235.26
2010,Betzdorf,119,625914.47,3343.05
2010,Bissen,70,516465.57,3321.65
2010,Biwer,122,576659.02,3033.23
2010,Boevange-sur-Attert,113,541159.17,3031.3
2010,Boulaide,125,473043.65,2943.82
2010,Bourscheid,72,528971.81,2816
2010,Bous,57,523272.09,3164.58
2010,Burmerange,126,538516.06,3254.97
2010,Clémency,88,584038.64,3321.14
2010,Clervaux,87,479297.9,2736.26
2010,Colmar-Berg,64,514425.31,3269.3
2010,Consdorf,55,535906.15,3419.92
2010,Consthum,29,NA,NA
2010,Contern,147,744879.05,4053.23
2010,Dalheim,181,585315.07,3269.23
2010,Diekirch,136,486927.35,2899.34
2010,Differdange,672,441969.35,2816.26
2010,Dippach,224,695294.47,3796
2010,Dudelange,556,540933.45,3095.67
2010,Echternach,140,585544.72,3531.5
2010,Ell,63,509571.7,3090.8
2010,Ermsdorf,56,501004.3,3261.34
2010,Erpeldange,56,705361.07,3455.27
2010,Esch-sur-Alzette,750,493472.43,2953.48
2010,Esch-sur-Sûre,7,NA,NA
2010,Eschweiler,89,463350.45,2621.53
2010,Ettelbruck,177,493092.49,3002.54
2010,Feulen,200,544236.96,3087.17
2010,Fischbach,103,524858.36,3377.71
2010,Flaxweiler,106,613794.84,3173.61
2010,Frisange,165,720322.8,3555.59
2010,Garnich,130,654931.82,3690.83
2010,Goesdorf,137,436833.45,2618.22
2010,Grevenmacher,124,564622.03,3074
2010,Grosbous,56,511044.64,2970.34
2010,Heffingen,71,512817.17,2890.24
2010,Heiderscheid,29,NA,NA
2010,Heinerscheid,84,436756.27,2646.91
2010,Hesperange,311,688678.41,3776.49
2010,Hobscheid,305,510125.48,3051.88
2010,Hoscheid,26,NA,NA
2010,Hosingen,129,431977.29,2589.35
2010,Junglinster,351,637234.95,3469.25
2010,Kayl,212,470633.53,2948.56
2010,Kehlen,339,722238.71,3653.84
2010,Kiischpelt,79,431157.04,2758.9
2010,Koerich,124,624003.17,3112.92
2010,Kopstal,159,764166.67,3814.02
2010,Lac de la Haute-Sûre,80,510604.93,2828.74
2010,Larochette,78,456218.15,2555.08
2010,Lenningen,107,561987.79,3068.77
2010,Leudelange,134,661047.51,3728.1
2010,Lintgen,136,599191.35,3464.7
2010,Lorentzweiler,109,630770.2,3629.33
2010,Luxembourg,1186,687345.73,3936.46
2010,Mamer,351,728893.07,3699.21
2010,Manternach,77,518309.99,3134.95
2010,Medernach,39,436064.1,2619.54
2010,Mersch,527,544950.27,3417.97
2010,Mertert,246,538328,3199.92
2010,Mertzig,279,485441.42,2967.37
2010,Mompach,75,539777.35,2802.29
2010,Mondercange,304,686160.73,3405.09
2010,Mondorf-les-Bains,136,726121.01,3884.07
2010,Munshausen,105,511371.31,2576.96
2010,Neunhausen,56,434876.57,3024.47
2010,Niederanven,239,830236.44,4191.26
2010,Nommern,70,573534.5,3290.24
2010,Pétange,556,423512.53,2777.93
2010,Préizerdaul,71,572473.55,3160.04
2010,Putscheid,36,460107.22,2939.04
2010,Rambrouch,201,455493.58,2714.45
2010,Reckange-sur-Mess,136,665347.08,3894.83
2010,Redange-sur-Attert,178,553142.56,3143.18
2010,Reisdorf,53,473934.38,2696.54
2010,Remich,122,598631.57,2949
2010,Roeser,149,665718.55,3607.38
2010,Rosport,99,466534.95,2699.78
2010,Rumelange,158,444361.66,2784.13
2010,Saeul,14,NA,NA
2010,Sandweiler,121,623839.17,3596.66
2010,Sanem,585,522421.88,3128.45
2010,Schengen,66,602405.45,3019.56
2010,Schieren,92,609920.4,3698.8
2010,Schifflange,167,491433.53,2989.49
2010,Schuttrange,234,748495.92,3924.34
2010,Septfontaines,69,586461.58,2974.03
2010,Stadtbredimus,87,591809.93,2886.59
2010,Steinfort,286,579086.61,3400.82
2010,Steinsel,183,774837.35,3923.54
2010,Strassen,139,841289.29,4614.81
2010,Tandel,75,398777,2474.33
2010,Troisvierges,142,411557.23,2434.71
2010,Tuntange,59,612027.24,3118.44
2010,Useldange,119,554186.01,3049.99
2010,Vianden,66,470709.09,3095.91
2010,Vichten,83,481182.07,3088.75
2010,Wahl,71,401237.8,2484.89
2010,Waldbillig,115,540925.3,3112.11
2010,Waldbredimus,68,605160.15,3145.27
2010,Walferdange,192,706557.31,4269.67
2010,Weiler-la-Tour,79,740993.72,3549.15
2010,Weiswampach,184,402085.91,2466.01
2010,Wellenstein,82,567134.15,2683.12
2010,Wiltz,142,383925.13,2308.76
2010,Wincrange,363,412101.72,2478.75
2010,Winseler,67,465087.97,2818.02
2010,Wormeldange,142,606860.5,2929.99
2011,Bascharage,193,682008.89119171,3634.542351803485
2011,Beaufort,229,431952.5895196507,2905.431187430306
2011,Bech,122,620519.9836065576,3463.109898337623
2011,Beckerich,177,486224.8305084747,3160.959626315824
2011,Berdorf,107,476101.9439252338,2919.029282823897
2011,Bertrange,312,834094.3814102565,4439.7051416447985
2011,Bettembourg,383,587924.2819843343,3529.881354714432
2011,Bettendorf,104,528219.7884615387,3208.398334615209
2011,Betzdorf,101,693871.2475247523,3466.9926553680275
2011,Bissen,126,564819.6031746034,3321.703266833112
2011,Biwer,148,652309.4594594595,3463.2481254133045
2011,Boevange-sur-Attert,157,571955.4777070063,3162.949382288744
2011,Boulaide,234,455009.88888888893,2828.6653594699833
2011,Bourscheid,46,569805.8695652174,3361.1572042490156
2011,Bous,35,591160,2794.7643055120857
2011,Burmerange,106,570558.688679245,3397.842689307465
2011,Clémency,79,597782.2784810128,3438.5568824379834
2011,Clervaux,160,435208.4437500001,2742.562828586981
2011,Colmar-Berg,113,538536.3716814157,3124.6654438968562
2011,Consdorf,78,526683.2307692304,3262.5256593413087
2011,Consthum,17,NA,NA
2011,Contern,140,721393.107142857,3802.121919016737
2011,Dalheim,156,649611.0448717949,3334.5825498527834
2011,Diekirch,144,494729.4166666666,3008.936651817748
2011,Differdange,854,450715.3255269319,2917.444383798588
2011,Dippach,327,696981.287461774,3859.3893777865046
2011,Dudelange,493,580481.7444219062,3201.953476351991
2011,Echternach,125,575613.792,3610.409962147521
2011,Ell,50,547710.0000000001,3116.9880924168665
2011,Ermsdorf,76,510047.7631578947,3261.4819374346134
2011,Erpeldange,64,642865.8125000002,3527.6216951633864
2011,Esch-sur-Alzette,843,537631.3226571755,3056.6536059942755
2011,Esch-sur-Sûre,4,NA,NA
2011,Eschweiler,117,406200.8974358975,2521.5207181380156
2011,Ettelbruck,278,508982.61151079123,3176.672437899769
2011,Feulen,216,537066.1527777774,3060.7568549471057
2011,Fischbach,117,572201.1452991453,3584.6080787177066
2011,Flaxweiler,125,671418.1439999994,3415.4305540362852
2011,Frisange,151,896380.6754966889,3769.1827996501565
2011,Garnich,111,701339.5045045043,3742.8314600901854
2011,Goesdorf,145,455237.682758621,2757.1968255731745
2011,Grevenmacher,224,581531.736607143,3316.7864454455807
2011,Grosbous,53,532620.1320754716,3183.7356683473063
2011,Heffingen,153,543973.1241830067,3152.699288915328
2011,Heiderscheid,52,440677.26923076913,2781.2508550150974
2011,Heinerscheid,84,512157.1428571428,2463.6340773487973
2011,Hesperange,377,796362.9151193635,4096.012805772221
2011,Hobscheid,273,557026.0915750911,3165.67914928011
2011,Hoscheid,43,537051.7441860465,2808.0885958920244
2011,Hosingen,135,479841.88888888893,2802.782906144549
2011,Junglinster,382,654266.0523560211,3613.536380065645
2011,Kayl,191,502502.61780104716,3155.2417905338843
2011,Kehlen,256,784410.3710937499,3896.1181003232673
2011,Kiischpelt,110,491877.4363636364,2982.9279401289823
2011,Koerich,114,650362.2894736845,3338.2919118436116
2011,Kopstal,134,836879.6641791043,4133.406424296042
2011,Lac de la Haute-Sûre,127,463707.4409448819,2681.7321652630385
2011,Larochette,42,458785.71428571426,2787.152925686349
2011,Lenningen,94,657632.4680851065,3618.3546519959655
2011,Leudelange,147,919601.1360544215,3683.220340932118
2011,Lintgen,109,632328.6972477062,3424.2369334668447
2011,Lorentzweiler,123,649802.861788618,3565.2214377736163
2011,Luxembourg,1309,781792.9449961799,4371.002202611475
2011,Mamer,285,824054.6561403503,4111.912776127327
2011,Manternach,110,564653.8363636368,3369.3689189923866
2011,Medernach,45,563125.3333333333,3105.3501035347335
2011,Mersch,599,562464.5091819696,3718.418333006229
2011,Mertert,168,517617.25000000006,3136.1710656229566
2011,Mertzig,432,479868.6967592591,3049.2528130332194
2011,Mompach,138,510205.99275362305,3387.175328586329
2011,Mondercange,194,789140.4948453612,4078.588574522394
2011,Mondorf-les-Bains,83,820462.1686746987,3743.7967183612914
2011,Munshausen,135,532083.1703703705,2597.4022177472075
2011,Neunhausen,82,517509.21951219504,3011.038609272592
2011,Niederanven,300,852390.233333333,4449.6854621199745
2011,Nommern,82,597892.1829268296,3528.197053658619
2011,Pétange,676,421112.7218934905,2806.1779869155444
2011,Préizerdaul,166,513700.21686747024,2926.7764827311316
2011,Putscheid,20,NA,NA
2011,Rambrouch,218,472483.848623853,2768.880246862356
2011,Reckange-sur-Mess,89,708306.6629213486,4038.1005368959263
2011,Redange-sur-Attert,145,568531.6344827585,3281.5594993890636
2011,Reisdorf,76,442101.7894736843,2896.5867530701235
2011,Remich,110,716419.6636363636,3236.2716985572997
2011,Roeser,127,749032.4488188977,3643.7832466718037
2011,Rosport,118,483444.9152542373,2802.9276150871224
2011,Rumelange,176,421050.27840909077,2691.0327276076846
2011,Saeul,24,NA,NA
2011,Sandweiler,98,758447.3367346938,4110.116028867638
2011,Sanem,642,528481.9937694694,3219.2815902651587
2011,Schengen,35,749085.7142857141,3537.2221155240654
2011,Schieren,132,595674.6136363639,3801.8460717121784
2011,Schifflange,295,483816.6101694913,2997.4341344012096
2011,Schuttrange,263,842471.9923954373,4321.162103215273
2011,Septfontaines,69,651311.7826086952,2899.6455602883793
2011,Stadtbredimus,83,671891.9518072288,3105.3266211663777
2011,Steinfort,189,582706.35978836,3379.6942004587722
2011,Steinsel,190,856929.9684210524,4193.884857527082
2011,Strassen,215,836947.3116279069,4713.000725035697
2011,Tandel,133,382792.4436090222,2487.0409741235508
2011,Troisvierges,125,417244.8079999999,2528.534783114592
2011,Tuntange,66,636265.1515151516,3272.271072500851
2011,Useldange,147,543377.7891156462,2911.6900958527126
2011,Vianden,103,457270.8737864077,2887.829215779445
2011,Vichten,133,544719.5187969925,3387.398575002228
2011,Wahl,77,472995.58441558445,2803.407950199901
2011,Waldbillig,175,621869.1085714283,3200.316163236546
2011,Waldbredimus,15,NA,NA
2011,Walferdange,170,933164.2529411763,4328.927202466612
2011,Weiler-la-Tour,111,777939.6576576574,3715.2654268098872
2011,Weiswampach,120,405951.9749999999,2463.061108082615
2011,Wellenstein,71,532183.0985915496,2639.841369235273
2011,Wiltz,207,391845.93236715003,2357.5725546045064
2011,Wincrange,431,429011.43387470994,2563.0351878026495
2011,Winseler,110,457427.85454545444,2856.8296565428627
2011,Wormeldange,155,640369.3419354837,3148.3039180907563
2012,Beaufort,130,435420.9154,2836.103
2012,Bech,43,750238.0465,4195.594
2012,Beckerich,173,616701.0636,3813.901
2012,Berdorf,69,549343.0725,3212.776
2012,Bertrange,96,827322.9271,4265.93
2012,Bettembourg,220,637545.9773,3657.179
2012,Bettendorf,95,554614.2947,3044.694
2012,Betzdorf,68,703296.4853,3451.869
2012,Bissen,58,564974.1379,3282.375
2012,Biwer,147,630045.5442,3751.876
2012,Boevange-sur-Attert,39,648133.8462,3629.649
2012,Boulaide,164,451527.2073,2790.463
2012,Bourscheid,58,564555.3448,3148.6
2012,Bous,31,569238.8387,3053.411
2012,Clervaux,338,476620.0947,2795.499
2012,Colmar-Berg,47,682696.1064,3181.71
2012,Consdorf,42,529570.7619,3283.063
2012,Contern,66,778619.697,3854.369
2012,Dalheim,90,622159.2111,3249.739
2012,Diekirch,133,526352.9248,3441.238
2012,Differdange,624,450711.9135,2857.026
2012,Dippach,155,714772.2323,4018.097
2012,Dudelange,395,576547.1519,3288.869
2012,Echternach,173,614917.5491,3921.686
2012,Ell,91,570045.0659,3025.903
2012,Erpeldange,201,594376.0647,3754.65
2012,Esch-sur-Alzette,623,506358.6003,2973.827
2012,Esch-sur-Sûre,101,466171.1584,3032.676
2012,Eschweiler,74,394735.5,2529.762
2012,Ettelbruck,203,536772.4089,3166.969
2012,Feulen,95,554090.8105,3012.205
2012,Fischbach,25,NA,NA
2012,Flaxweiler,57,628417.9649,3605.495
2012,Frisange,105,874898.8952,4089.835
2012,Garnich,47,669938.766,3578.258
2012,Goesdorf,92,455444.6413,2844.624
2012,Grevenmacher,204,577448.1324,3341.198
2012,Grosbous,118,510851.5254,3251.684
2012,Heffingen,75,584423.2667,3324.328
2012,Hesperange,228,817278.0658,4109.265
2012,Hobscheid,202,593577.2871,3551.955
2012,Junglinster,248,736335.6573,4148.46
2012,Kaerjeng,320,689518.4156,3818.623
2012,Kayl,186,517625.8387,3034.128
2012,Kehlen,160,772265.675,3887.912
2012,Kiischpelt,46,364181.5652,2527.883
2012,Koerich,109,631319.5963,3597.561
2012,Kopstal,120,1000276.858,4547.332
2012,Lac de la Haute-Sûre,128,401898.4375,2445.927
2012,Larochette,62,483661.2903,3005.529
2012,Lenningen,91,665769.1868,3468.948
2012,Leudelange,60,807528,4038.239
2012,Lintgen,31,629626.2258,3476.657
2012,Lorentzweiler,57,634011.9298,3643.931
2012,Luxembourg,739,814135.134,4546.837
2012,Mamer,123,836521.0325,4387.823
2012,Manternach,57,607701.7544,3350.789
2012,Mersch,286,559169.3706,3692.633
2012,Mertert,119,535400.3361,2885.074
2012,Mertzig,294,569735.6735,3585.566
2012,Mompach,113,492496.22120000003,3063.488
2012,Mondercange,119,698692.8235,3847.791
2012,Mondorf-les-Bains,52,698817.3077,3571.26
2012,Niederanven,91,926584.7912,4333.928
2012,Nommern,68,668418.5882,3825.795
2012,Parc Hosingen,175,452973.0057,2844
2012,Pétange,520,423019.97120000003,2790.512
2012,Préizerdaul,103,487023.301,3050.483
2012,Putscheid,23,NA,NA
2012,Rambrouch,144,477152.3264,2893.071
2012,Reckange-sur-Mess,52,664946.9423,4036.935
2012,Redange-sur-Attert,97,548589.0206,3132.9
2012,Reisdorf,40,446664.5,2543.075
2012,Remich,74,601718.6757,3244.018
2012,Roeser,200,755225.88,3659.742
2012,Rosport,122,515743.7623,2778.422
2012,Rumelange,114,417421.0526,2512.246
2012,Saeul,10,NA,NA
2012,Sandweiler,48,797085.375,4156.81
2012,Sanem,510,545779.7412,3275.519
2012,Schengen,99,631731.9293,3359.628
2012,Schieren,41,656252.4878,3540.25
2012,Schifflange,173,466166.474,3015.004
2012,Schuttrange,153,931766.9542,4836.194
2012,Septfontaines,15,NA,NA
2012,Stadtbredimus,50,703222.3,3415.962
2012,Steinfort,103,723142.1165,3720.089
2012,Steinsel,150,844777.5533,4328.485
2012,Strassen,116,886212.8966,4887.734
2012,Tandel,51,475616.7647,2927.715
2012,Troisvierges,56,450639.9107,2838.74
2012,Tuntange,64,556550.7813,3131.823
2012,Useldange,85,531399.8471,2933.432
2012,Vallée de l'Ernz,157,535449.5032,3116.596
2012,Vianden,92,518509.9783,3173.153
2012,Vichten,192,581747.6146,3632.863
2012,Wahl,60,491184.0167,3165.042
2012,Waldbillig,170,584200.4353,3115.016
2012,Waldbredimus,21,NA,NA
2012,Walferdange,100,948476.49,4381.596
2012,Weiler-la-Tour,145,754645.1379,3920.884
2012,Weiswampach,42,463762.2857,2774.608
2012,Wiltz,331,365383.9637,2287.289
2012,Wincrange,205,438810.0537,2640.313
2012,Winseler,78,449947.4872,2686.02
2012,Wormeldange,118,575447.0932,3333.804
2013,Beaufort,92,501089.108695652,3090.73266239436
2013,Bech,27,NA,NA
2013,Beckerich,135,632231.096296296,3602.22103297682
2013,Berdorf,33,560539.03030303,3454.71614892816
2013,Bertrange,124,1011797.86290323,4984.51703729272
2013,Bettembourg,167,611864.371257485,3636.73391615566
2013,Bettendorf,75,579850.8,2974.83434819339
2013,Betzdorf,103,774174.563106796,3858.9690043197
2013,Bissen,44,583113.636363636,3605.0345544974
2013,Biwer,105,709993.59047619,3891.47817681054
2013,Boevange-sur-Attert,34,691289.705882353,3382.8231371317
2013,Boulaide,114,468039.122807018,2756.44138333696
2013,Bourscheid,38,551145.552631579,3010.39435525449
2013,Bous,33,593965.878787879,3526.28643308732
2013,Clervaux,256,483867.375,2907.82337391488
2013,Colmar-Berg,28,NA,NA
2013,Consdorf,38,645333.5,3456.88824622433
2013,Contern,50,934984,4280.19896403462
2013,Dalheim,60,648910.383333333,3489.63692681419
2013,Diekirch,118,559607.406779661,3188.63344408374
2013,Differdange,503,464928.382962227,2907.49748499132
2013,Dippach,105,765266.723809524,4073.59729959298
2013,Dudelange,359,553892.883008357,3308.79943537053
2013,Echternach,113,675189.876106195,3918.41530708376
2013,Ell,86,562718.197674419,3205.61842452844
2013,Erpeldange,133,610638.360902256,4042.54282892945
2013,Esch-sur-Alzette,596,516905.932885906,3072.24413168722
2013,Esch-sur-Sûre,96,486155.510416667,2905.93911976355
2013,Eschweiler,69,458188.463768116,2550.74375087615
2013,Ettelbruck,224,585816.138392857,3419.44023346767
2013,Feulen,63,588143.047619048,3029.28443335561
2013,Fischbach,49,608899.292653061,3739.39055219974
2013,Flaxweiler,75,723106.093333333,3635.11016185798
2013,Frisange,126,813154.698412698,4111.2683500583
2013,Garnich,59,766843.966101695,4095.71768097597
2013,Goesdorf,74,418049.945945946,2717.74907626621
2013,Grevenmacher,150,581542.293333333,3398.87521462999
2013,Grosbous,99,558455.858585859,3322.7468843878
2013,Heffingen,94,646301.436170213,3540.96707577367
2013,Hesperange,160,892235.625,4245.7662738516
2013,Hobscheid,196,590505.265306122,3570.82249260084
2013,Junglinster,256,791494.30859375,4481.1975526284205
2013,Kaerjeng,339,685005.867256637,4127.66929766299
2013,Kayl,181,487696.276243094,3054.78912532419
2013,Kehlen,158,851387.72784810106,4004.90808394401
2013,Kiischpelt,46,417595.217391304,2689.72095471288
2013,Koerich,87,671615.425287356,3619.7156500742
2013,Kopstal,193,984481.129533679,5093.23971517502
2013,Lac de la Haute-Sûre,75,403540,2628.03511688614
2013,Larochette,54,525407.407407407,3180.19894923804
2013,Lenningen,48,698279.270833333,3838.38006744286
2013,Leudelange,50,867942.1,4770.42299784425
2013,Lintgen,31,620800,3261.98037168389
2013,Lorentzweiler,44,710027.977272727,3571.35522378017
2013,Luxembourg,669,977310.713004484,4968.40990256818
2013,Mamer,183,884917.153005464,5026.75989868911
2013,Manternach,91,582716.197802198,3296.84847139023
2013,Mersch,311,639010.887459807,3730.71892102002
2013,Mertert,109,546902.403669725,3092.829168116
2013,Mertzig,180,590085.922222222,3559.76426505449
2013,Mompach,56,478862.642857143,2739.49880653982
2013,Mondercange,138,719440.166666667,3769.52377595875
2013,Mondorf-les-Bains,72,729256.944444445,3684.73256397992
2013,Niederanven,131,1131560.40458015,4903.0689148302
2013,Nommern,47,633205.106382979,3775.82943056329
2013,Parc Hosingen,158,453107.696202532,2874.28654144499
2013,Pétange,421,481914.964370546,2947.58027572435
2013,Préizerdaul,20,NA,NA
2013,Putscheid,30,517165.8,2979.20196875809
2013,Rambrouch,163,564467.26993865,2946.11783375652
2013,Reckange-sur-Mess,134,713355.97761194,4662.0695794307
2013,Redange-sur-Attert,107,552845.485981308,3364.44168943177
2013,Reisdorf,26,NA,NA
2013,Remich,110,606443.890909091,2971.799219673
2013,Roeser,188,783831.563829787,3923.41313871981
2013,Rosport,115,491352.930434783,2690.78958973076
2013,Rumelange,118,451500,2776.44087481959
2013,Saeul,26,NA,NA
2013,Sandweiler,42,859307.619047619,4218.69624421348
2013,Sanem,374,612238.101604278,3517.36318956831
2013,Schengen,96,764796.510416667,3387.47563883507
2013,Schieren,73,605575.589041096,3424.5716762687
2013,Schifflange,243,489681.481481481,3113.43420884374
2013,Schuttrange,156,998458.58974359,4765.86423217486
2013,Septfontaines,22,NA,NA
2013,Stadtbredimus,30,711550.766666667,3643.67263555615
2013,Steinfort,92,660500.010869565,3530.7163400534
2013,Steinsel,82,925564.792682927,4458.60752361524
2013,Strassen,97,1031807.69072165,5340.56946682427
2013,Tandel,46,420861.739130435,2649.97824980654
2013,Troisvierges,76,465273.631578947,2657.11747121875
2013,Tuntange,43,634560.744186047,3345.94863452242
2013,Useldange,78,576965.346153846,3117.24126259208
2013,Vallée de l'Ernz,116,518725.396551724,3134.04255403162
2013,Vianden,67,524726.970149254,3151.41107094772
2013,Vichten,198,586444.611111111,3804.72509031454
2013,Wahl,25,NA,NA
2013,Waldbillig,178,576610.5,3295.74148663282
2013,Waldbredimus,38,652906.5,3564.92315440188
2013,Walferdange,117,953905.982905983,4694.20634180523
2013,Weiler-la-Tour,116,811517.913793103,4233.00075642539
2013,Weiswampach,49,419793.224489796,2829.78795272749
2013,Wiltz,224,389888.540178571,2414.61546450976
2013,Wincrange,183,507850.409836066,2760.97284102367
2013,Winseler,82,486993.902439024,2671.67993366481
2013,Wormeldange,87,722564.91954023,3392.82408479912
2014,Beaufort,70,493067.6857142857,3053.48117610607
2014,Bech,20,NA,NA
2014,Beckerich,82,596634.1341463414,3144.501380405216
2014,Berdorf,23,NA,NA
2014,Bertrange,77,1003118.987012987,4979.771952443041
2014,Bettembourg,103,629249.0291262139,3679.3992753688467
2014,Bettendorf,86,580987.2093023255,3092.3696713160875
2014,Betzdorf,92,758840.5,4016.229243026371
2014,Bissen,48,539104.1666666666,3336.585311135579
2014,Biwer,80,775079.8125000001,3916.8671059664225
2014,Boevange-sur-Attert,34,667093.2647058823,3547.615953289634
2014,Boulaide,75,468327.6,2538.878056763
2014,Bourscheid,24,NA,NA
2014,Bous,27,NA,NA
2014,Clervaux,178,499386.76404494396,2983.323389490109
2014,Colmar-Berg,34,497497.0588235293,3395.0261495696977
2014,Consdorf,34,618608.2352941177,3301.829162985297
2014,Contern,30,901956.6666666667,4354.646771893774
2014,Dalheim,41,642134.2682926828,3619.2793821262785
2014,Diekirch,85,576412,3082.878328439004
2014,Differdange,344,481404.5494186047,2976.8997380914216
2014,Dippach,51,769862.2549019608,3944.8117514445307
2014,Dudelange,336,566328.6934523811,3351.435583997789
2014,Echternach,90,692268.3111111108,4006.5022943940307
2014,Ell,40,603267.975,3532.144365589963
2014,Erpeldange,126,639921.9841269844,4319.178712453038
2014,Esch-sur-Alzette,437,538139.7848970249,3132.7004398299564
2014,Esch-sur-Sûre,78,520988.91025641037,2964.9272144490956
2014,Eschweiler,61,466775.7540983606,2643.7661221625776
2014,Ettelbruck,185,652028.4594594595,3716.434529014254
2014,Feulen,37,550829.7837837839,3234.151532353323
2014,Fischbach,33,661519.1515151514,3866.0569071259815
2014,Flaxweiler,50,803778.18,3844.510035005813
2014,Frisange,117,815108.1965811966,3984.6242965562087
2014,Garnich,50,782588.36,4154.530123934793
2014,Goesdorf,58,457036.89655172406,2831.2035151355512
2014,Grevenmacher,88,599228.1931818182,3368.916158432253
2014,Grosbous,69,528700,3320.537177554924
2014,Heffingen,59,598454.8135593219,3443.5950089382204
2014,Hesperange,168,817821.726190476,4248.7315838000195
2014,Hobscheid,127,600412.8267716536,3511.52413645108
2014,Junglinster,186,789609.8225806445,4583.329040461464
2014,Kaerjeng,230,722727.9304347829,4161.907237343414
2014,Kayl,115,499995.87826086965,3143.3011164325694
2014,Kehlen,118,831364.1864406781,4375.746453472924
2014,Kiischpelt,42,443659.52380952385,2635.258432925098
2014,Koerich,74,800921.9324324324,3938.7756460776527
2014,Kopstal,127,1027088.9133858269,5106.79935622635
2014,Lac de la Haute-Sûre,44,444920.4545454544,2676.184855437486
2014,Larochette,43,490581.3953488372,2871.485464227268
2014,Lenningen,18,NA,NA
2014,Leudelange,50,983570.6999999998,5053.453430693536
2014,Lintgen,29,NA,NA
2014,Lorentzweiler,53,676499.9811320754,3774.4723154544818
2014,Luxembourg,521,961777.8272552777,5037.211923507807
2014,Mamer,117,1007857.6068376073,4840.682279708627
2014,Manternach,66,553158.8181818181,3187.0506975049975
2014,Mersch,238,711619.3025210081,3823.112218962655
2014,Mertert,62,538245.3225806451,3151.895723251532
2014,Mertzig,126,616881.1666666672,3808.3464606090624
2014,Mompach,32,487718.75000000006,2690.8995863201962
2014,Mondercange,87,721246.9425287356,4060.942889033051
2014,Mondorf-les-Bains,56,765250,3553.069565147486
2014,Niederanven,151,1132974.2119205294,4958.965475425514
2014,Nommern,31,596433.6129032258,3470.8367081487904
2014,Parc Hosingen,123,452797.1219512197,2952.285735412185
2014,Pétange,333,510240.15015015,3097.641878604608
2014,Préizerdaul,24,NA,NA
2014,Putscheid,16,NA,NA
2014,Rambrouch,137,635064.6350364962,3021.478756244289
2014,Reckange-sur-Mess,65,754104.2153846155,4309.208254691585
2014,Redange-sur-Attert,77,530931.3506493508,3309.534508588239
2014,Reisdorf,24,NA,NA
2014,Remich,97,592397.9381443298,2938.5814403129807
2014,Roeser,108,764277.7777777778,4288.635301706504
2014,Rosport,56,566249.2857142858,2913.8298925965896
2014,Rumelange,94,474297.8723404255,2770.7125313656657
2014,Saeul,32,667703.6562500001,3309.9244069754327
2014,Sandweiler,29,NA,NA
2014,Sanem,274,612404.0291970797,3526.174142744123
2014,Schengen,77,762246.7532467531,3495.9623380605735
2014,Schieren,71,608551.9154929579,3535.6428503784905
2014,Schifflange,142,492976.05633802834,3229.439299917439
2014,Schuttrange,104,1059116.3076923077,4949.778787040391
2014,Septfontaines,20,NA,NA
2014,Stadtbredimus,36,608107.2222222224,3548.697499645946
2014,Steinfort,114,649680.0000000001,3644.46832613715
2014,Steinsel,71,1021585.9295774648,4577.217543901264
2014,Strassen,60,1115055.8833333333,5368.555067913015
2014,Tandel,33,494810.2121212121,2738.0393475492065
2014,Troisvierges,65,446082.4,2710.2789470655766
2014,Tuntange,37,761637.2972972973,3458.0376840218237
2014,Useldange,66,571101.378787879,3314.176175314465
2014,Vallée de l'Ernz,102,573077.294117647,3416.377989403781
2014,Vianden,39,488167.4871794871,2874.9198794217264
2014,Vichten,118,595194.4830508473,3589.0549779133544
2014,Wahl,22,NA,NA
2014,Waldbillig,129,604859.3023255813,3383.5688537303886
2014,Waldbredimus,34,724741.6764705882,3475.460929732757
2014,Walferdange,71,1139690.1267605633,4896.422494507969
2014,Weiler-la-Tour,59,831962.7966101696,4510.17378299658
2014,Weiswampach,42,440049.14285714296,2875.189301953968
2014,Wiltz,163,414439.46625766874,2394.130149905161
2014,Wincrange,114,478457.1929824564,2707.883584785584
2014,Winseler,42,486131.5714285714,2707.7329612335484
2014,Wormeldange,69,673361.463768116,3394.28171872624
2015,Beaufort,116,528418.25862069,3272.59747987958
2015,Bech,21,NA,NA
2015,Beckerich,70,724510.342857143,3808.19580583451
2015,Berdorf,52,652922.269230769,3716.01473858065
2015,Bertrange,49,1230921.3877551,5282.37251465725
2015,Bettembourg,135,739958.814814815,3957.35208285781
2015,Bettendorf,88,620074.147727273,3393.6938364467
2015,Betzdorf,141,779012.588652482,4325.14272672351
2015,Bissen,132,688033.378787879,4636.57525625482
2015,Biwer,37,720680.459459459,3785.9442240042
2015,Boevange-sur-Attert,40,679015.775,3621.63192145096
2015,Boulaide,95,476651.631578947,2620.29843801078
2015,Bourscheid,40,738983.5,3941.22185748307
2015,Bous,22,NA,NA
2015,Clervaux,138,541240.34057971,3110.73324435087
2015,Colmar-Berg,21,NA,NA
2015,Consdorf,45,572338.933333333,3280.54834869595
2015,Contern,17,NA,NA
2015,Dalheim,52,650872.673076923,3367.78317206134
2015,Diekirch,66,607502.121212121,3406.6736556252
2015,Differdange,340,508158.485294118,3068.62679709016
2015,Dippach,60,882252.066666667,4312.49088441391
2015,Dudelange,179,604369.162011173,3588.00215464024
2015,Echternach,57,821313.50877193,3983.994904242
2015,Ell,41,714077.365853659,3843.56876809846
2015,Erpeldange,132,610447.575757576,4076.44401018095
2015,Esch-sur-Alzette,360,589910.691666667,3301.69671033722
2015,Esch-sur-Sûre,91,501614.912087912,2906.80787234551
2015,Ettelbruck,225,669779.706666667,3744.03924567791
2015,Feulen,29,NA,NA
2015,Fischbach,63,696642.809523809,4381.29628285729
2015,Flaxweiler,51,673389.745098039,3893.28067432014
2015,Frisange,81,925998.382716049,4255.57011442883
2015,Garnich,41,908713.268292683,4338.69700093306
2015,Goesdorf,63,490922.53968254,2669.9762784132
2015,Grevenmacher,82,615183.195121951,3351.11588358074
2015,Grosbous,44,573365.454545455,3755.63901719892
2015,Heffingen,56,713252.785714286,3816.34467066842
2015,Hesperange,107,887734.411214953,4500.83917030347
2015,Hobscheid,90,721106.855555556,3940.38344181995
2015,Junglinster,242,885577.466942149,5002.51175444757
2015,Kaerjeng,178,771771.893258427,4405.90879452497
2015,Kayl,103,587473.436893204,3318.57427744394
2015,Kehlen,206,929765.189320388,4806.3312046005
2015,Kiischpelt,46,624448.173913043,3354.18058701767
2015,Koerich,44,863675.318181818,3471.42663098614
2015,Kopstal,91,1095041.04395604,5180.04208615394
2015,Lac de la Haute-Sûre,83,461801.975903614,2736.94869883903
2015,Larochette,52,551690.384615385,2898.03730284548
2015,Lenningen,49,723861.571428571,4114.26766290095
2015,Leudelange,32,1076913.0625,4688.73296564866
2015,Lintgen,32,708136,3831.0408027544
2015,Lorentzweiler,142,846087.549295775,4873.82269416271
2015,Luxembourg,412,1018694.5461165,5561.18032117137
2015,Mamer,152,1096910.30263158,4955.69730281894
2015,Manternach,86,707704.069767442,3625.5271831762
2015,Mersch,167,778043.898203593,4207.28745441307
2015,Mertert,61,646430.475409836,3767.05317673588
2015,Mertzig,100,646808.36,3881.69188976676
2015,Mompach,16,NA,NA
2015,Mondercange,84,979526.916666667,3987.00350560963
2015,Mondorf-les-Bains,43,809744.186046512,3402.48908954837
2015,Niederanven,227,1158761.43171806,5466.75336718181
2015,Nommern,19,NA,NA
2015,Parc Hosingen,118,606983.144067797,3610.01282115069
2015,Pétange,267,552682.561797753,3267.59045417629
2015,Préizerdaul,30,708183.166666667,4022.91881596418
2015,Putscheid,15,NA,NA
2015,Rambrouch,196,559665.923469388,2931.30986272672
2015,Reckange-sur-Mess,44,754191.045454545,4092.95911473765
2015,Redange-sur-Attert,79,653426.455696203,3486.15537301941
2015,Reisdorf,39,568162.820512821,3335.93931478253
2015,Remich,69,544602.898550725,2902.86328782861
2015,Roeser,65,753030.769230769,4567.24961070576
2015,Rosport,37,624862.27027027,3388.66756505229
2015,Rumelange,70,513963.585714286,3146.79820197426
2015,Saeul,75,682221.333333333,3599.66469789273
2015,Sandweiler,25,NA,NA
2015,Sanem,278,679937.532374101,3717.18667913784
2015,Schengen,88,720738.636363636,3576.57311420689
2015,Schieren,28,NA,NA
2015,Schifflange,76,492473.684210526,3198.06246161601
2015,Schuttrange,76,1039450.17105263,5168.7676991473
2015,Septfontaines,33,810066.787878788,3642.65844156199
2015,Stadtbredimus,35,603730.285714286,3506.2103462894
2015,Steinfort,102,794764.882352941,4317.25976130169
2015,Steinsel,102,1019605.98039216,4847.0233934014
2015,Strassen,106,1164751.8490566,5832.24680371755
2015,Tandel,17,NA,NA
2015,Troisvierges,75,492321.413333333,2756.70549959379
2015,Tuntange,143,703156.370629371,4562.90662911553
2015,Useldange,92,594285.847826087,3303.89271713776
2015,Vallée de l'Ernz,82,624089.463414634,3369.91374205279
2015,Vianden,62,520764.5,3605.3263065929
2015,Vichten,117,733996.991452992,3973.50005475747
2015,Wahl,35,606121.885714286,3596.44869397674
2015,Waldbillig,50,702777.2,4141.36007077672
2015,Waldbredimus,134,850885.111940298,5108.51554073951
2015,Walferdange,80,972567.55,4558.50733232626
2015,Weiler-la-Tour,64,860328.390625,4703.87226252111
2015,Weiswampach,28,NA,NA
2015,Wiltz,181,466546.82320442,2660.76111083005
2015,Wincrange,107,455996.224299065,2885.70665737548
2015,Winseler,25,NA,NA
2015,Wormeldange,49,692968.265306122,3539.65120026985
2016,Beaufort,89,521168.7415730339,3266.077874265703
2016,Bech,22,NA,NA
2016,Beckerich,75,698367.7599999999,3824.940864834714
2016,Berdorf,48,610455.0416666667,3473.147667095621
2016,Bertrange,50,1206385.6,5796.93646122682
2016,Bettembourg,97,738053.2474226805,4115.370870247662
2016,Bettendorf,99,632530.2929292928,3263.1016918754067
2016,Betzdorf,42,806139.6904761905,4506.856725547755
2016,Bissen,163,732063.8343558286,4886.694797557146
2016,Biwer,35,853927.1428571428,4189.055958082417
2016,Boevange-sur-Attert,33,873848.6363636364,4141.650073604354
2016,Boulaide,115,528758.1043478261,2963.7705993499176
2016,Bourscheid,36,721815.7222222224,3894.264204818484
2016,Bous,21,NA,NA
2016,Clervaux,160,612099.7687500002,3185.32145059989
2016,Colmar-Berg,22,NA,NA
2016,Consdorf,41,649789.3658536586,4106.562692361296
2016,Contern,122,1027948.5819672127,5536.750156156465
2016,Dalheim,48,632839.4583333333,3882.674545561079
2016,Diekirch,70,559271.4285714285,3414.7627177844874
2016,Differdange,318,563777.0094339618,3416.7243289580947
2016,Dippach,66,987930.287878788,4878.205185723671
2016,Dudelange,251,687628.9482071712,3967.3534280044723
2016,Echternach,44,754347.0454545458,3705.185859211105
2016,Ell,46,760301.1086956523,3923.567351252784
2016,Erpeldange,79,615468.9620253164,4123.73162147552
2016,Esch-sur-Alzette,369,640008.5149051483,3510.2260989675196
2016,Esch-sur-Sûre,88,654725.7272727274,3471.8111531040836
2016,Ettelbruck,231,640357.1082251079,3921.5647506947066
2016,Feulen,51,694169.6078431372,3524.030949340314
2016,Fischbach,48,774837.5000000001,4591.97551158066
2016,Flaxweiler,31,739726.9032258063,3863.9488205989205
2016,Frisange,102,912687.2549019611,4450.601483851978
2016,Garnich,47,866940.4893617021,4128.497195587868
2016,Goesdorf,43,630799.069767442,3114.682942241057
2016,Grevenmacher,49,642704.081632653,3362.737917653913
2016,Grosbous,25,NA,NA
2016,Heffingen,71,747519.2676056338,3999.3102725444614
2016,Hesperange,130,980133.4384615384,5391.247613425647
2016,Hobscheid,138,731911.3260869563,4056.1005831860957
2016,Junglinster,234,905894.2307692303,4924.151833488367
2016,Kaerjeng,167,782017.1257485028,4343.979401824831
2016,Kayl,80,637962.5000000002,3681.871339930464
2016,Kehlen,144,947551.6458333331,4638.231346314153
2016,Kiischpelt,35,574134.2857142858,3111.7921506106404
2016,Koerich,87,810187.3448275862,4939.438136558032
2016,Kopstal,105,1036966.5428571427,5029.8185684625605
2016,Lac de la Haute-Sûre,43,521827.1395348838,2921.7153104779727
2016,Larochette,26,NA,NA
2016,Lenningen,31,838513.9354838709,4129.893775713599
2016,Leudelange,23,NA,NA
2016,Lintgen,56,738678.5714285715,4521.545207538113
2016,Lorentzweiler,155,822876.91612903215,4510.72378369681
2016,Luxembourg,312,1100464.711538462,6062.102535000463
2016,Mamer,128,1086167.5312500002,5512.97674691056
2016,Manternach,61,725199.8688524589,4299.542707584155
2016,Mersch,196,834210.3724489796,4556.079469601117
2016,Mertert,73,711553.8630136988,4101.678579079746
2016,Mertzig,87,651754.4022988504,3924.639774871242
2016,Mompach,8,NA,NA
2016,Mondercange,78,936552.935897436,4669.190115154634
2016,Mondorf-les-Bains,77,736052.4415584416,3611.3564398689696
2016,Niederanven,101,1107042.306930693,5336.888107201576
2016,Nommern,29,NA,NA
2016,Parc Hosingen,120,671611.2166666666,3842.035249795815
2016,Pétange,337,539305.4688427295,3387.520117710418
2016,Préizerdaul,22,NA,NA
2016,Putscheid,14,NA,NA
2016,Rambrouch,200,655960.5700000004,3357.1071588614077
2016,Reckange-sur-Mess,57,975824.6140350878,3996.0431339885
2016,Redange-sur-Attert,79,682306.8101265822,3714.420505316841
2016,Reisdorf,16,NA,NA
2016,Remich,67,538665.6716417911,2769.303054299875
2016,Roeser,70,757277.1285714286,4592.393705516255
2016,Rosport,40,636538.1999999997,3278.9541590799913
2016,Rumelange,73,549315.0684931508,3369.7403642498043
2016,Saeul,59,713783.9322033899,3780.0429164367274
2016,Sandweiler,41,1182890.243902439,5319.744192601081
2016,Sanem,323,708961.5944272443,4033.352411967883
2016,Schengen,98,770204.081632653,3689.6809494837084
2016,Schieren,55,688678.181818182,3911.0948052234517
2016,Schifflange,63,598666.6666666667,3648.862353343143
2016,Schuttrange,66,1149616.5606060605,5124.453041391188
2016,Septfontaines,18,NA,NA
2016,Stadtbredimus,38,681077.1052631579,3823.2281779567097
2016,Steinfort,140,843796.1642857143,4108.134225727847
2016,Steinsel,91,1108414.3296703296,5155.905464719332
2016,Strassen,87,1269644.8275862064,5716.909949067023
2016,Tandel,12,NA,NA
2016,Troisvierges,51,607210.5490196078,2831.503781636154
2016,Tuntange,191,735344.947643979,4820.115512458825
2016,Useldange,85,636262.7411764705,3451.873423485745
2016,Vallée de l'Ernz,73,659157.6712328765,3492.547362500176
2016,Vianden,51,483623.2156862745,3078.787480934779
2016,Vichten,85,828080.7882352939,4153.5145593380075
2016,Wahl,34,619426.4705882352,3523.023943294661
2016,Waldbillig,38,697840.5263157892,3947.316820071715
2016,Waldbredimus,90,905051.5333333332,5304.813159575296
2016,Walferdange,64,1250378.6406249998,5583.018066326909
2016,Weiler-la-Tour,66,951845.2575757577,5780.511421442117
2016,Weiswampach,41,565706.268292683,3275.1115430363056
2016,Wiltz,160,524776.9125000001,2971.755831567575
2016,Wincrange,111,447453.6126126126,2716.233970465222
2016,Winseler,21,NA,NA
2016,Wormeldange,42,617189.3095238096,3166.9580063960134
2017,Beaufort,120,557511.35,3515.465597
2017,Bech,23,NA,NA
2017,Beckerich,132,685104.7652,4038.39034
2017,Berdorf,107,648792.6075,3581.380758
2017,Bertrange,159,1364496.855,6588.893682
2017,Bettembourg,189,812971.5132,4008.892841
2017,Bettendorf,139,650611.6835,3683.05629
2017,Betzdorf,120,1157714.225,4489.113115
2017,Bissen,95,754828.0737,4889.094577
2017,Biwer,78,907695.4231,4081.174583
2017,Boevange-sur-Attert,59,833526.2373,4050.613144
2017,Boulaide,219,532818.3927,2906.253977
2017,Bourscheid,40,760355.9,3714.243488
2017,Bous,40,737614.6,4000.545825
2017,Clervaux,317,520900.5741,3030.773014
2017,Colmar-Berg,48,679350,4094.451578
2017,Consdorf,73,663725.5616,4251.11942
2017,Contern,91,1013544.637,5390.895058
2017,Dalheim,138,776307.5507,4441.403487
2017,Diekirch,59,605937.1864,3563.056442
2017,Differdange,602,598553.4884,3651.543378
2017,Dippach,300,920749.0267,5145.802569
2017,Dudelange,520,765486.2654,4025.072397
2017,Echternach,103,744801.6408,3680.600015
2017,Ell,115,718937.713,4226.937831
2017,Erpeldange,143,734768.5105,4366.640239
2017,Esch-sur-Alzette,536,681244.1679,3520.794144
2017,Esch-sur-Sûre,120,579451.2167,3332.106184
2017,Ettelbruck,638,726000.3511,4617.228008
2017,Feulen,50,704512.6,3682.274197
2017,Fischbach,23,NA,NA
2017,Flaxweiler,47,731393.617,3328.227274
2017,Frisange,204,900515.1373,4377.794761
2017,Garnich,79,898240.4177,4713.907292
2017,Goesdorf,107,501414.3925,3059.874344
2017,Grevenmacher,92,689782.6087,3565.790156
2017,Grosbous,52,608718.6154,3587.252147
2017,Heffingen,91,788950.7473,3687.331699
2017,Hesperange,285,1033658.87,5799.597958
2017,Hobscheid,185,721276.3784,3720.148695
2017,Junglinster,396,1018113.301,4947.882
2017,Kaerjeng,300,810011.51,4311.092161
2017,Kayl,125,604270.84,3602.983248
2017,Kehlen,158,1015207.006,4860.084617
2017,Kiischpelt,61,573927.082,3142.082906
2017,Koerich,188,853850.6596,4441.661298
2017,Kopstal,236,1219742.983,5036.656651
2017,Lac de la Haute-Sûre,95,559372.8105,3111.028161
2017,Larochette,58,763953.4483,3608.640379
2017,Lenningen,67,850918,3888.423256
2017,Leudelange,54,1293566.611,5539.941438
2017,Lintgen,41,991461.0976,4569.352381
2017,Lorentzweiler,113,973817.0796,4512.481845
2017,Luxembourg,546,1382859.02,6824.567201
2017,Mamer,326,1173474.448,5725.289603
2017,Manternach,158,807337.962,4840.316041
2017,Mersch,220,866016.7136,4590.000389
2017,Mertert,109,670351.9083,4190.909259
2017,Mertzig,104,609483.3558,3591.02995
2017,Mompach,24,NA,NA
2017,Mondercange,116,923167.2328,4378.540908
2017,Mondorf-les-Bains,130,898713.4,4084.211083
2017,Niederanven,131,1316357.527,5422.223656
2017,Nommern,64,819870.8906,5011.420675
2017,Parc Hosingen,189,607292.4868,3463.022729
2017,Pétange,530,601762.2792,3635.608806
2017,Préizerdaul,65,652573.5385,3737.215554
2017,Putscheid,23,NA,NA
2017,Rambrouch,415,769484.0241,3648.070928
2017,Reckange-sur-Mess,114,1135715.974,4471.511832
2017,Redange-sur-Attert,202,694041.0495,3775.782189
2017,Reisdorf,73,739253.0959,4287.056943
2017,Remich,108,621365.7407,3021.805698
2017,Roeser,82,1011522,5163.697324
2017,Rosport,75,610480,3601.319102
2017,Rumelange,127,621164.5669,3397.918469
2017,Saeul,40,742436.2,3636.583023
2017,Sandweiler,87,1238734.747,5733.215632
2017,Sanem,555,727400.9694,4107.833606
2017,Schengen,127,865032.0709,3777.271751
2017,Schieren,100,682004.53,4278.080767
2017,Schifflange,113,563811.1504,3786.402285
2017,Schuttrange,134,1133312.44,5446.371171
2017,Septfontaines,32,822380.3125,4367.44983
2017,Stadtbredimus,47,795765.9574,4390.126296
2017,Steinfort,231,832112.4459,4336.296626
2017,Steinsel,114,1094591.228,5316.508759
2017,Strassen,124,1593569.702,6384.519856
2017,Tandel,20,NA,NA
2017,Troisvierges,148,593994.3378,3199.973711
2017,Tuntange,230,831412.6522,4726.219125
2017,Useldange,111,699838.7387,3713.027955
2017,Vallée de l'Ernz,114,679766.886,3545.029513
2017,Vianden,35,468110.0571,3034.093365
2017,Vichten,106,892373.0189,4220.447771
2017,Wahl,78,649273.2051,3351.522321
2017,Waldbillig,70,898333.6143,4382.063827
2017,Waldbredimus,67,976694.0448,5276.057208
2017,Walferdange,120,1283648.017,6079.789463
2017,Weiler-la-Tour,72,1035779.167,5519.555792
2017,Weiswampach,77,660457.8052,3527.697557
2017,Wiltz,310,532902.2742,2868.341082
2017,Wincrange,231,489307.2597,2936.74337
2017,Winseler,18,NA,NA
2017,Wormeldange,183,779345.4426,4764.817029
2018,Beaufort,133,672226.58,3924.57
2018,Bech,30,927320,3828.937
2018,Beckerich,130,768339.14,4276.143
2018,Berdorf,147,717398.08,3103.617
2018,Bertrange,68,1290100.5,6822.143
2018,Bettembourg,184,825967.39,4656.744
2018,Bettendorf,90,601957.92,3246.782
2018,Betzdorf,65,1173450.7,4513.678
2018,Bissen,60,722043.48,4625.031
2018,Biwer,44,850925,4138.02
2018,Boulaide,100,587951.15,2938.56
2018,Bourscheid,60,691616.67,3514.223
2018,Bous,21,NA,NA
2018,Clervaux,305,568021.85,3576.61
2018,Colmar-Berg,13,NA,NA
2018,Consdorf,14,NA,NA
2018,Contern,140,1468599.8,6432.214
2018,Dalheim,212,881909.03,4530.694
2018,Diekirch,46,645024.63,3930.124
2018,Differdange,573,626460.78,3949.046
2018,Dippach,182,1253107.3,5048.856
2018,Dudelange,541,762288.66,4175.894
2018,Echternach,56,675474.04,3399.044
2018,Ell,117,709255.58,3976.122
2018,Erpeldange,44,746115.52,4761.711
2018,Esch-sur-Alzette,401,663460.16,4009.08
2018,Esch-sur-Sûre,75,561654.33,3305.662
2018,Ettelbruck,504,807564.36,4863.777
2018,Feulen,44,705886.48,4192.493
2018,Fischbach,1,NA,NA
2018,Flaxweiler,45,999043.87,4860.41
2018,Frisange,177,738887.09,4036.773
2018,Garnich,56,968730.36,5072.115
2018,Goesdorf,61,554586.64,3411.976
2018,Grevenmacher,58,837275.86,4285.758
2018,Grosbous,52,728492.77,3668.421
2018,Habscht,175,740850.15,4280.416
2018,Heffingen,58,793177.02,4083.793
2018,Helperknapp,331,811076.21,4554.365
2018,Hesperange,215,1182209.6,5826.925
2018,Junglinster,243,1137425.1,5199.902
2018,Kaerjeng,305,832421.26,5040.703
2018,Kayl,146,663151.68,4002.014
2018,Kehlen,139,1185304.8,5657.916
2018,Kiischpelt,18,NA,NA
2018,Koerich,78,987733.01,4960.495
2018,Kopstal,153,1269182.7,5247.93
2018,Lac de la Haute-Sûre,94,556183.2,3398.618
2018,Larochette,24,NA,NA
2018,Lenningen,54,946826.87,4390.951
2018,Leudelange,39,1181530.7,6180.854
2018,Lintgen,23,NA,NA
2018,Lorentzweiler,100,1084074.6,5409.356
2018,Luxembourg,642,1542371.3,7440.534
2018,Mamer,252,1143308.9,5280.203
2018,Manternach,121,855153.02,4954.187
2018,Mersch,346,885861.77,5133.559
2018,Mertert,106,840120.98,4555.353
2018,Mertzig,107,752808.02,4015.171
2018,Mondercange,77,1076988.7,4788.225
2018,Mondorf-les-Bains,79,676765.41,3506.102
2018,Niederanven,176,1837879.7,6745.681
2018,Nommern,13,NA,NA
2018,Parc Hosingen,90,601844.11,3277.056
2018,Pétange,495,617228.33,3715.309
2018,Préizerdaul,135,681439.7,3932.258
2018,Putscheid,11,NA,NA
2018,Rambrouch,284,764336.38,3576.468
2018,Reckange-sur-Mess,48,1035602.1,5245.496
2018,Redange-sur-Attert,177,677378.86,3969.763
2018,Reisdorf,61,577178.69,3743.506
2018,Remich,84,635933.48,3501.769
2018,Roeser,125,1020072.5,5467.166
2018,Rosport-Mompach,100,704084,3891.418
2018,Rumelange,104,572470,3766.96
2018,Saeul,42,801452.79,3901.218
2018,Sandweiler,205,1154732.9,6294.955
2018,Sanem,405,815328.31,4287.902
2018,Schengen,80,1005683.1,4208.976
2018,Schieren,88,737173.5,4599.626
2018,Schifflange,79,601488.61,4150.198
2018,Schuttrange,114,1213018,5264.159
2018,Stadtbredimus,34,728257.35,3768.058
2018,Steinfort,269,1088146.9,4813.155
2018,Steinsel,70,1446091.7,5261.661
2018,Strassen,157,1376319.3,6756.529
2018,Tandel,0,NA,NA
2018,Troisvierges,121,591773.66,3196.976
2018,Useldange,140,713068.4,3700.743
2018,Vallée de l'Ernz,58,700632.16,4032.121
2018,Vianden,50,479040,3550.277
2018,Vichten,79,915876.62,4452.304
2018,Wahl,29,NA,NA
2018,Waldbillig,45,925038.89,4155.038
2018,Waldbredimus,19,NA,NA
2018,Walferdange,89,1254436.7,5783.956
2018,Weiler-la-Tour,38,1103877.6,5871.257
2018,Weiswampach,70,644668.51,3740.633
2018,Wiltz,278,506037.35,2935.67
2018,Wincrange,223,543964.57,3146.32
2018,Winseler,18,NA,NA
2018,Wormeldange,57,944136.63,4617.846
2019,Beaufort,109,710548.78,3948.449
2019,Bech,13,NA,NA
2019,Beckerich,154,866784.75,5020.332
2019,Berdorf,44,714552.77,3694.5
2019,Bertrange,44,1606353.2,7587.324
2019,Bettembourg,132,1107318.2,5084.001
2019,Bettendorf,75,718986.73,3974.492
2019,Betzdorf,34,1050788.4,4753.826
2019,Bissen,58,883476.02,5031.245
2019,Biwer,41,896424.37,4173.428
2019,Boulaide,62,657558.92,3604.439
2019,Bourscheid,19,NA,NA
2019,Bous,16,NA,NA
2019,Clervaux,281,838803.69,4481.37
2019,Colmar-Berg,17,NA,NA
2019,Consdorf,24,NA,NA
2019,Contern,97,1355557.9,6265.059
2019,Dalheim,137,982928.84,5130.774
2019,Diekirch,39,671871.79,4184.154
2019,Differdange,520,738043.59,4477.356
2019,Dippach,147,1279549.6,5505.615
2019,Dudelange,253,917642.52,4976.088
2019,Echternach,39,788871.79,4100.964
2019,Ell,136,768133.37,3981.587
2019,Erpeldange,19,NA,NA
2019,Esch-sur-Alzette,333,828634.71,4641.856
2019,Esch-sur-Sûre,79,655728.96,3729.698
2019,Ettelbruck,1227,875397.74,5207.272
2019,Feulen,38,836108.13,4128.616
2019,Fischbach,2,NA,NA
2019,Flaxweiler,48,916393.4,4802.031
2019,Frisange,120,1014897.9,4840.689
2019,Garnich,38,1094393.2,5595.605
2019,Goesdorf,45,643924.21,3758.36
2019,Grevenmacher,130,1099521.2,5896.884
2019,Grosbous,6,NA,NA
2019,Habscht,152,836200.63,4261.266
2019,Heffingen,22,NA,NA
2019,Helperknapp,196,864268.57,4139.876
2019,Hesperange,131,1310675.6,6407.038
2019,Junglinster,145,1112458.8,5381.142
2019,Kaerjeng,306,948586.36,5157.857
2019,Kayl,107,783968.16,4610.4
2019,Kehlen,101,1252773,5979.236
2019,Kiischpelt,30,546466.67,3285.596
2019,Koerich,73,1029898.5,5249.604
2019,Kopstal,133,1491918.2,6311.217
2019,Lac de la Haute-Sûre,63,820505.59,3221.515
2019,Larochette,16,NA,NA
2019,Lenningen,69,831941.61,4891.887
2019,Leudelange,121,1802526.8,6565.02
2019,Lintgen,57,939894.72,5607.917
2019,Lorentzweiler,200,1046443.3,5649.649
2019,Luxembourg,558,1576213.6,8078.167
2019,Mamer,159,1330212.2,6405.194
2019,Manternach,332,910661.56,5782.595
2019,Mersch,749,1110211.3,5700.724
2019,Mertert,65,971834.02,4572.035
2019,Mertzig,56,841449.68,4355.545
2019,Mondercange,70,1249759.9,5572.701
2019,Mondorf-les-Bains,129,977433.51,4391.548
2019,Niederanven,149,1579152.9,7039.238
2019,Nommern,4,NA,NA
2019,Parc Hosingen,80,561982.41,3759.707
2019,Pétange,392,667280.33,4190.972
2019,Préizerdaul,35,753016.07,3792.437
2019,Putscheid,8,NA,NA
2019,Rambrouch,316,634472.3,3037.231
2019,Reckange-sur-Mess,43,1159163.5,5119.682
2019,Redange-sur-Attert,91,795954.51,4222.839
2019,Reisdorf,28,NA,NA
2019,Remich,56,957575.09,4608.421
2019,Roeser,75,1248928.3,6184.34
2019,Rosport-Mompach,41,805463.41,3995.835
2019,Rumelange,94,670103.94,4200.217
2019,Saeul,3,NA,NA
2019,Sandweiler,103,1244351.7,6091.403
2019,Sanem,267,869737,4446.38
2019,Schengen,72,751493.51,3674.03
2019,Schieren,36,843384.44,4498.923
2019,Schifflange,85,815894.12,4682.193
2019,Schuttrange,80,1357663.6,5533.854
2019,Stadtbredimus,78,987396.15,3715.079
2019,Steinfort,198,1075727.3,4434.209
2019,Steinsel,91,1540155.3,6490.608
2019,Strassen,51,1621750.9,7424.209
2019,Tandel,0,NA,NA
2019,Troisvierges,92,741726.67,3992.16
2019,Useldange,59,744662.41,4053.216
2019,Vallée de l'Ernz,55,772004.05,4385.68
2019,Vianden,38,553526.32,3824.864
2019,Vichten,100,992221.28,4517.081
2019,Wahl,11,NA,NA
2019,Waldbillig,27,NA,NA
2019,Waldbredimus,40,1082425.8,5145.286
2019,Walferdange,59,1440262.2,6636.738
2019,Weiler-la-Tour,55,1121421.3,5296.581
2019,Weiswampach,113,615076.74,3903.223
2019,Wiltz,177,580239.47,3315.955
2019,Wincrange,149,529375.33,3365.352
2019,Winseler,12,NA,NA
2019,Wormeldange,92,1017426.4,5336.409
2020,Beaufort,56,742411.89,3886.183
2020,Bech,11,NA,NA
2020,Beckerich,77,989659.14,5798.755
2020,Berdorf,8,NA,NA
2020,Bertrange,629,1891532.5,9078.719
2020,Bettembourg,156,1043473.9,5919.413
2020,Bettendorf,132,953785.7,6533.536
2020,Betzdorf,18,NA,NA
2020,Bissen,26,NA,NA
2020,Biwer,14,NA,NA
2020,Boulaide,47,758868.17,3845.065
2020,Bourscheid,11,NA,NA
2020,Bous,20,NA,NA
2020,Clervaux,205,1057434.9,5128.416
2020,Colmar-Berg,38,833315.79,5513.564
2020,Consdorf,16,NA,NA
2020,Contern,53,1398622.8,7150.978
2020,Dalheim,44,987400.45,5426.887
2020,Diekirch,26,NA,NA
2020,Differdange,424,821865.11,5100.917
2020,Dippach,146,1450331.8,6492.973
2020,Dudelange,249,969099.03,5660.419
2020,Echternach,51,854000,5171.338
2020,Ell,29,NA,NA
2020,Erpeldange,7,NA,NA
2020,Esch-sur-Alzette,322,811075.06,5071.725
2020,Esch-sur-Sûre,86,716856.74,4136.246
2020,Ettelbruck,1199,986259.27,5713.685
2020,Feulen,35,896852,4999.62
2020,Fischbach,4,NA,NA
2020,Flaxweiler,33,1131816.8,5359.379
2020,Frisange,58,1387222.1,6328.53
2020,Garnich,74,1180683.1,5527.373
2020,Goesdorf,26,NA,NA
2020,Grevenmacher,74,938308.64,5657.125
2020,Grosbous,19,NA,NA
2020,Habscht,112,1019755.7,5038.08
2020,Heffingen,12,NA,NA
2020,Helperknapp,160,1115020.9,5031.132
2020,Hesperange,103,1489864.1,7686.345
2020,Junglinster,162,1309725.6,6558.399
2020,Kaerjeng,159,1132388,5925.479
2020,Kayl,124,889709.68,4575.196
2020,Kehlen,562,1361380.5,8310.256
2020,Kiischpelt,18,NA,NA
2020,Koerich,202,1203615.9,6128.683
2020,Kopstal,69,1978531.3,7569.612
2020,Lac de la Haute-Sûre,44,705276.93,3521.446
2020,Larochette,33,932393.94,4724.692
2020,Lenningen,25,NA,NA
2020,Leudelange,33,1534375.6,7363.524
2020,Lintgen,36,1035611.1,5748.131
2020,Lorentzweiler,80,1453594.3,6574.75
2020,Luxembourg,1050,1606490.2,9527.811
2020,Mamer,431,1430028.2,7030.886
2020,Manternach,100,1004278.4,5459.214
2020,Mersch,387,1234759.6,6109.676
2020,Mertert,103,973419.83,4941.763
2020,Mertzig,37,940986.16,4362.532
2020,Mondercange,72,1359549.4,6107.561
2020,Mondorf-les-Bains,92,994292.3,5345
2020,Niederanven,93,1749576.2,8091.712
2020,Nommern,8,NA,NA
2020,Parc Hosingen,89,743688.74,4688.807
2020,Pétange,203,746943.55,4850.497
2020,Préizerdaul,23,NA,NA
2020,Putscheid,6,NA,NA
2020,Rambrouch,201,727879.16,3588.449
2020,Reckange-sur-Mess,78,1327709.2,5726.506
2020,Redange-sur-Attert,62,864533.03,4541.128
2020,Reisdorf,21,NA,NA
2020,Remich,363,1211462.2,7478.598
2020,Roeser,168,1451332.8,6791.402
2020,Rosport-Mompach,48,808627.4,4484.155
2020,Rumelange,65,732384.62,4837.649
2020,Saeul,4,NA,NA
2020,Sandweiler,25,NA,NA
2020,Sanem,226,943515.13,5368.408
2020,Schengen,69,592932.2,3840.677
2020,Schieren,29,NA,NA
2020,Schifflange,206,1149982.6,6190.277
2020,Schuttrange,185,2010936.7,8983.075
2020,Stadtbredimus,30,1126950,4850.487
2020,Steinfort,48,1277576.9,5799.771
2020,Steinsel,59,1675187.9,7321.496
2020,Strassen,37,1814700,8629.778
2020,Tandel,0,NA,NA
2020,Troisvierges,62,726341.52,4066.665
2020,Useldange,25,NA,NA
2020,Vallée de l'Ernz,45,898436.42,4660.438
2020,Vianden,13,NA,NA
2020,Vichten,40,1028126.4,4516.654
2020,Wahl,10,NA,NA
2020,Waldbillig,25,NA,NA
2020,Waldbredimus,30,988816.57,5301.541
2020,Walferdange,101,1520943,8413.039
2020,Weiler-la-Tour,23,NA,NA
2020,Weiswampach,55,608804.04,4066.589
2020,Wiltz,152,657216.85,3545.305
2020,Wincrange,110,587987.15,3813.492
2020,Winseler,19,NA,NA
2020,Wormeldange,72,997358.51,5849.745
